doc1,doc2,similarity
1,2,0.6314481007830517
1,3,NaN
1,4,0.6224008860912247
2,3,0.05762266696006162
2,4,0.3367313041601175
3,4,NaN
